{"stats":{"minecraft:dropped":{"minecraft:milk_bucket":1,"minecraft:wooden_axe":1,"minecraft:redstone":1},"minecraft:used":{"minecraft:redstone_torch":476,"minecraft:pink_concrete":312,"minecraft:sticky_piston":29,"minecraft:torch":9,"minecraft:dark_oak_planks":190,"minecraft:lever":42,"minecraft:diamond_block":79,"minecraft:repeater":1210,"minecraft:dirt":497,"minecraft:light_blue_concrete":4287,"minecraft:iron_block":4400,"minecraft:redstone":11469,"minecraft:birch_sign":55,"minecraft:gold_block":192,"minecraft:yellow_concrete":4874,"minecraft:stone":36,"minecraft:polished_granite":3252,"minecraft:cut_sandstone":302,"minecraft:acacia_planks":1315,"minecraft:milk_bucket":1,"minecraft:polished_diorite":114,"minecraft:stone_bricks":2518},"minecraft:custom":{"minecraft:time_since_rest":1164063,"minecraft:crouch_one_cm":20409,"minecraft:sprint_one_cm":109773,"minecraft:play_time":1164063,"minecraft:walk_one_cm":309675,"minecraft:sneak_time":56235,"minecraft:drop":3,"minecraft:jump":718,"minecraft:leave_game":12,"minecraft:time_since_death":1164063,"minecraft:total_world_time":1283760,"minecraft:fly_one_cm":10521043},"minecraft:picked_up":{"minecraft:wooden_axe":1,"minecraft:repeater":38,"minecraft:torch":2,"minecraft:lever":1,"minecraft:birch_sign":3,"minecraft:redstone_torch":45,"minecraft:redstone":357}},"DataVersion":2975}